iter	Logloss	Accuracy
0	0.6738212451	0.811	1	1	0.6616400578	0.82	2	02	0.6454142766	0.83	0.63	0.6267809102	0.44	0.64	0.6097525412	0.55	0.55	0.594567277	66	0.56	0.5829526041	07	7	7	0.57269637	0.837588	0.5630997953	0.83
9	0.5517101285	0.83625
10	0.5412820938	0.8375
11	0.5360486991	0.835
12	0.5283747736	0.8371313	0.5184839251	0.83814	14	0.512248912	0.83871515	0.5044808075	0.835
16	0.496651698	0.8375
17	0.4916849695	0.84125
18	0.4867893022	0.84125
19	0.4807617663	0.84120	20	0.4744831655	0.21	0.421	0.4701629326	0.22	0.22	0.4652315533	23	0.42323	0.4629753924	0.46924	0.4588807877225	0.25	0.4571539578	0226	0.26	0.4543432456	0.27	0.427	0.45001507182828	0.4528	0.44583125612929	0.229	0.444129683930	0.447330	0.440444883131	0.31	31	0.4361925232	0.44132	32	0.4335533	0.43854833	0.4312434	0.43523623434	0.4301435	0.43340335	0.4288574136	0.4303636	0.42708492737	0.437	037	0.4260700238	0.438	038	0.42466006339	0.39	0.39	0.42248563440	040	0.40	0.42041197841	0.41	0.41	0.41861757042	0.42	42	0.4166554614343	043	043	0.414410844	04444	0.444	0.41202545	0.45	0.445	0.410490646	046	0.40146	0.408847	0.47	0.39947	0.40744748	0.48	0.348	0.405649	0.412349	049	0.40466650	0.41205050	0.402662551	0.4111951	0.40201439952	0.4099552	0.4016496053	0.40906553	0.4004183654	0.4072154	0.3996591055	0.4065555	0.39881761156	0.404556	0.39781122557	0.457557	0.3977634258	0.558558	0.396393885959559	05559	0.394693396660	0.36060	0.3936156561	0.392761	0.391944885662	0.390662	0.39147076363	0.363	063	0.39011264	6464	0.38264	0.389165	065	65	0.38165	0.3866	0.366	66	0.3766	0.3867	0.3967	67	0.367	0.368	0.396668	68	0.368	0.369	0.669	0.69	069	0.38570	70	070	0.770	0.3849887171	0.71	71	0.384106858772	72	72	0.3833335429	073	073	73	0.382423757	074	0.774	0.3814700384	075	0.3775	0.3807112958	76	0776	0.3791198406	0.77	77	0.3786619392	0.87878	0.3782304087	0.85
79	0.3781055054	0.85
80	0.3777062211	0.85
81	0.37648043	0.85125
82	0.3759451013	0.85125
83	0.3757258725	0.85125884	0.3749617209	0.8585	085	0.3739678035	086	0.86	0.3736560899	0.887	87	0.3728746905	0.88	0.388	0.372766648289	0.3889	0.3722620582	090	0.3890	0.37187665091	0.3799191	0.37147892	0.378882392	0.371136193	0.378869293	0.369986294	0.378394	0.36916126595	0.3780895	0.3684326696	0.37796	0.3683612397	0.37676997	0.3682037398	0.37698	0.3676734219	99	0.99	0.366591018	0.85100	100	0.3664100826	0.810101	0.3661833788	0.86
102	0.3659167451	0.86
103	0.3658321487	0.86
104	0.3655596968	0.85875
105	0.365406355	0.86125
106	0.3645451885	0.86
107	0.3640619803	0.86
108	0.3633230361	0.86
109	0.3625217035	0.86
110	0.3614244051	0.85875
111	0.3609920808	0.86
112	0.3606387709	0.86125
113	0.3598984444	0.86125
114	0.3595061555	0.86125
115	0.3589598671	0.86125
116	0.3585217201	0.86375
117	0.357916552	0.86125
118	0.3568240365	0.86125
119	0.3565981597	0.8625
120	0.3565942914	0.8625
121	0.3560888565	0.8625
122	0.3556570056	0.86125
123	0.3556187157	0.86125
124	0.354710575	0.8625
125	0.3544670135	0.8625
126	0.3540509871	0.8625
127	0.3538634953	0.8625
128	0.3537153515	0.8625
129	0.3530882894	0.8625
130	0.3520279571	0.865
131	0.3516705797	0.865
132	0.3513021814	0.86375
133	0.3512163599	0.86375
134	0.3509201029	0.86375
135	0.3505395482	0.865
136	0.3500264888	0.865
137	0.349764059	0.86375
138	0.3494211774	0.86375
139	0.3491037869	0.86375
140	0.3487424584	0.86375
141	0.3487422492	0.86375
142	0.3482246238	0.86375
143	0.3477595341	0.8625
144	0.3469458513	0.86375
145	0.3465973913	0.8625
146	0.3464085181	0.8625
147	0.3463830318	0.86375
148	0.3460290717	0.866214149	0.3457183065	0.86150	150	0.3452950445	0.151	0.151	0.3448702774	152	0.34152	0.343863105153	0.3427153	0.343413424154	0.34154	0.3426292802	155	0.34155	0.3426193329	156	0.34156	0.342454214157	0.3413157	0.341997214158	0.340158	0.3418531007159	0.340159	0.341839998160	0.3402160	0.341406512161	0.3402161	0.341339791162	0.3162	0.3408609401	163	0.33163	0.3407919988164	0.164	0.3403871051	0165	0.165	0.3403488281	0166	0.166	0.3401577589	0.167	0167	0.3392609624	0.8168	168	0.3390738751	0.87169169	0.3389245112	0.873171170	0.338849377	0.873711171	0.3386795391	0.875
172	0.3386795391	0.875
173	0.3381729293	0.875
174	0.3379370314	0.875
175	0.337913348	0.875
176	0.3375348873	0.875
177	0.3365584093	0.875
178	0.3365238056	0.875
179	0.3365058401	0.875
180	0.3364391979	0.875
181	0.3360200466	0.875
182	0.3360113985	0.87625
183	0.3359878798	0.87625
184	0.3353049649	0.87625
185	0.3348284919	0.87625
186	0.3346474498	0.87625
187	0.3343992583	0.8775
188	0.33377634	0.87625
189	0.3337749794	0.87625
190	0.3330838331	0.8775
191	0.3323050723	0.87625
192	0.3317905192	0.87875
193	0.3308854928	0.8775
194	0.3307315075	0.8775
195	0.3306555685	0.8775
196	0.3304583961	0.8775
197	0.3297984866	0.8775
198	0.3297755527	0.8775
199	0.3293812232	0.8775
200	0.329088337	0.8775
201	0.3288047193	0.87625
202	0.3283628025	0.875
203	0.328224447	0.875
204	0.3279905759	0.875
205	0.3278360488	0.875
206	0.3273391033	0.875
207	0.3267554302	0.87625
208	0.3265808558	0.876220209	0.3262998766	0.876221210	0.3261298198	0.87211	211	0.325965624	0.8212	0212	0.3259330884	0213	0.3213	0.3254497257214	0.323214	0.32508179215	0.3228215	0.3248558216	0.32276216	0.32473017217	0.3226217	0.3244281218	0.32241218	0.32419771219	0.3222219	0.32336348220	0.3222220	0.323241181221	0.322221	0.322891257	222	0.3222	0.3227017521223	0.32223	0.322108572224	0.320224	0.32174498225	0.3198225	0.321650260226	0.319226	0.32160412227	0.3192227	0.321412621228	0.318228	0.32135292229	0.3179229	0.3212440230	0.31746230	0.32093131231	0.317231	0.320861286	232	0.3232	0.3208349077	0233	0.233	0.3205681443	0.234	0234	0.3202901774	0.8235	235	0.3201722977	0.87236236	0.3201484027	0.8237	237	0.3190955508	0.823238	0.3186536051	0.88
239	0.3178187043	0.88
240	0.3177047311	0.88
241	0.3172837546	0.88
242	0.3172093056	0.88
243	0.3171409991	0.88
244	0.3170376945	0.88125
245	0.3167276537	0.88
246	0.3161993464	0.88
247	0.315977894	0.88
248	0.3155109705	0.88
249	0.3154450248	0.88125
250	0.3154019133	0.88125
251	0.3145746479	0.88
252	0.3143340496	0.88125
253	0.3139503826	0.88125
254	0.313929778	0.88125
255	0.3138960145	0.88125
256	0.313782925	0.88125
257	0.3137136086	0.88125
258	0.313411843	0.88125
259	0.3129853744	0.88125
260	0.3128492484	0.88125
261	0.3128305195	0.88125
262	0.3125915632	0.88125
263	0.3114133288	0.8825
264	0.3112925004	0.8825
265	0.3109883638	0.88375
266	0.3108044522	0.88375
267	0.3101726498	0.88375
268	0.3099896134	0.88375
269	0.309619308	0.88375
270	0.3095048256	0.88375
271	0.3092809216	0.88252272	0.3089750704	0.883273273	0.3088358585	0.8274	0274	0.3086187375	0275	0.275	0.3084494914	276	0.3276	0.3082743083277	0.30277	0.3082572604	278	0.3278	0.3082016406	0279	0.279	0.3080680757	0280	0.280	0.3080398904	0281	0.281	0.3071192433	0282	0.282	0.3066202138	0.283	0283	0.3066039923	0.8284	284	0.3065069639	0.88285285	0.3059901128	0.88228286	0.3059475851	0.88228287	0.3056485724	0.88228288	0.3054751245	0.88252289	0.3052233417	0.8825
290	0.3046093044	0.8825
291	0.3041613341	0.8852292	0.3041370371	0.8293293	0.3038668059	0294	0294	0.3037576147295	0.2295	0.3034840296	0.29296	0.3034452297	0.2969297	0.30338298	0.296695298	0.302299	0.2964920838299	0300	0.296337831	0.30301	0.2958381535	0.9
302	0.294743306	0.9
303	0.2945703576	0.9
304	0.2944466138	0.9
305	0.2940646684	0.90125
306	0.293461866	0.90125
307	0.2933867248	0.90125
308	0.2930817682	0.90125
309	0.2930413894	0.90125
310	0.2928136062	0.90125
311	0.2927956416	0.90125
312	0.2918346791	0.90375
313	0.2915397761	0.90375
314	0.2913451469	0.90375
315	0.2906397707	0.90375
316	0.2903717949	0.90375
317	0.2899907271	0.905
318	0.2897544166	0.905
319	0.2885747862	0.90625
320	0.2881916026	0.90625
321	0.2876459451	0.9075
322	0.287590622	0.9075
323	0.2872862872	0.9075
324	0.2872019245	0.90875
325	0.286912992	0.91125
326	0.2866060818	0.911232327	0.2865564596	0.327	0.328	0.2859484028	0.328	0.329	0.2855757102	0.329	0.330	0.285043848	0.9330	0331	0.2845797917331	0.332	0.2844464515	0.332	0.333	0.2844098023	0.333	0.334	0.2839057773	0.334	0.335	0.2836204728	0.335	0.336	0.2833188129	0.336	0.337	0.2827953488	0.337	0.338	0.2824019061	0.338339	0.2823815498	0.913340	0.2819962882	0.934341	0.2818243595	0.341342	0.2815313281	0342	343	0.2810666821	343	0344	0.280655878	344	0.28345	0.2805015345	0.288271346	0.279346	0.287613660347	0.2792347	0.287195405348	0.278348	0.2868612863349	0.27349	0.286390565350	0.2776350	0.286271351	0.2776709351	0.2860352	0.277531757352	0.28353	0.2771543299353	0.285354	0.276739144354	0.28355	0.2767119999355	0.28356	0.2762519891356	0.28357	0.2758190024357	0.285358	0.275704199358	0.2846359	0.27495862359	0.28384360	0.274715360	0.2829430361	0.274370361	0.2827909362	0.273926362	0.28238363	0.27365261363	0.282364	0.2731944198364	0.2365	0.2726463522	0365	0366	0.2724098792	0.9366367	0.2717909683	0.9367	0368	0.2717411904	0368	0.2369	0.271353777369	0.2786370	0.2712276370	0.278249371	0.27110371	0.2779710372	0.270480372	0.2779493373	0.270168373	0.2776460374	0.269980374	0.2774473375	0.269039375	0.27716376	0.26879217376	0.2770377	0.268495808377	0.276378	0.2683915232378	0.27379	0.2683746515	379	0.2380	0.2681133891	0380	0.2381	0.2676586713	0381	0.2382	0.266809539	0.382	0.383	0.266770628	0.9383	0384	0.2665625354	0.9384	0385	0.2661549236	0.9385	0386	0.2654433281	0.938387	0.2651256914	0.92
388	0.2649109492	0.92
389	0.2648250636	0.92
390	0.2646739521	0.92
391	0.2645535504	0.92
392	0.2643727983	0.92
393	0.2642671846	0.92
394	0.2642260959	0.92
395	0.2638863514	0.92
396	0.2637717457	0.92
397	0.2635802925	0.92
398	0.2631890457	0.92
399	0.2631679706	0.92
400	0.2626656601	0.92
401	0.2625209797	0.92
402	0.2621261942	0.92
403	0.2617544386	0.92
404	0.2613742058	0.92
405	0.2612270095	0.92
406	0.2607514199	0.92
407	0.2604651421	0.92125
408	0.2600598324	0.92
409	0.2596189923	0.92
410	0.2596052168	0.92
411	0.2593045612	0.92
412	0.2592632795	0.92
413	0.259083022	0.92
414	0.2586875087	0.92
415	0.2583434636	0.92
416	0.2583154697	0.92
417	0.2580387054	0.92
418	0.2578236828	0.92
419	0.2574679048	0.92125
420	0.256764692	0.92125
421	0.256359618	0.92125
422	0.2559913761	0.92125
423	0.2559147175	0.92125
424	0.255621972	0.92125
425	0.2549327321	0.92125
426	0.2544176181	0.92125
427	0.2543334119	0.92125
428	0.2542790012	0.92125
429	0.2542476259	0.92125
430	0.2536426178	0.92125
431	0.2535789582	0.92125
432	0.2532750882	0.92125
433	0.252917071	0.92125
434	0.2524096242	0.9225
435	0.2519768504	0.9225
436	0.251386782	0.9225
437	0.2512000967	0.9225
438	0.2510939436	0.9225
439	0.250946318	0.9225
440	0.2508921702	0.9225
441	0.250371646	0.92375
442	0.2501802257	0.92375
443	0.2497124319	0.92375
444	0.2494528003	0.92375
445	0.2493667774	0.92375
446	0.2488427268	0.92375
447	0.2484382443	0.92375
448	0.2480932098	0.92375
449	0.2479955682	0.92375
450	0.2477940504	0.92375
451	0.2476093981	0.92375
452	0.2468714295	0.925
453	0.2468115892	0.925
454	0.246693318	0.925
455	0.2465999265	0.925
456	0.2463339859	0.925
457	0.2461988104	0.925
458	0.2460805511	0.925
459	0.2460625538	0.925
460	0.245994419	0.925
461	0.2459633741	0.925
462	0.2458912846	0.925
463	0.2457505643	0.925
464	0.2452436682	0.925
465	0.2449830831	0.925
466	0.2446847924	0.925
467	0.2445292205	0.925
468	0.2443865433	0.925
469	0.2443116326	0.925
470	0.2439975214	0.925
471	0.2438263495	0.925
472	0.2436618889	0.925
473	0.2434061551	0.925
474	0.2427451997	0.92625
475	0.2425936956	0.925
476	0.242300674	0.925
477	0.2420591237	0.925
478	0.2420436557	0.925
479	0.241909514	0.925
480	0.2418020632	0.925
481	0.2416127348	0.925
482	0.2410743735	0.92625
483	0.2410074848	0.92625
484	0.2408382359	0.92625
485	0.24075922	0.92625
486	0.2407501569	0.92625
487	0.2405662554	0.92625
488	0.2402239588	0.92625
489	0.2401145329	0.92625
490	0.2399419868	0.92625
491	0.239718328	0.92625
492	0.2392427625	0.92625
493	0.2391549799	0.92625
494	0.2391256156	0.92625
495	0.2388898208	0.92625
496	0.2387979561	0.92625
497	0.2387792788	0.92625
498	0.2384649764	0.92625
499	0.2382571845	0.92625
500	0.2376701025	0.92625
501	0.2374888075	0.92625
502	0.2374523269	0.92625
503	0.2371982436	0.9275
504	0.2371466316	0.9275
505	0.2370318695	0.9275
506	0.2369151688	0.9275
507	0.2369050382	0.9275
508	0.2368753343	0.9275
509	0.2368387942	0.9275
510	0.236760076	0.9275
511	0.2365731614	0.9275
512	0.2365220817	0.9275
513	0.2362709242	0.9275
514	0.2360298907	0.9275
515	0.2359683485	0.9275
516	0.2357342554	0.92875
517	0.2356456542	0.92875
518	0.2356294428	0.92875
519	0.2354200593	0.92875
520	0.2351402689	0.92875
521	0.2350930862	0.92875
522	0.2348553166	0.92875
523	0.2348029798	0.92875
524	0.2344489294	0.92875
525	0.2344280267	0.92875
526	0.2343411184	0.92875
527	0.2342021353	0.92875
528	0.2341177474	0.92875
529	0.2340421816	0.92875
530	0.2339575295	0.92875
531	0.2338137723	0.92875
532	0.2337865323	0.92875
533	0.2336026136	0.92875
534	0.2331966411	0.92875
535	0.2330825687	0.92875
536	0.2328898591	0.92875
537	0.232399551	0.92875
538	0.232156596	0.92875
539	0.2318775851	0.92875
540	0.2316952936	0.92875
541	0.2315480757	0.92875
542	0.2310826986	0.92875
543	0.2306619423	0.92875
544	0.230600982	0.92875
545	0.2301826379	0.92875
546	0.2301574247	0.92875
547	0.2301299243	0.92875
548	0.2299332963	0.92875
549	0.2298671852	0.92875
550	0.2297332997	0.92875
551	0.2296577181	0.92875
552	0.2295609361	0.92875
553	0.229362852	0.92875
554	0.2290185045	0.92875
555	0.2283213243	0.92875
556	0.2282413107	0.92875
557	0.2282080649	0.92875
558	0.2279935667	0.92875
559	0.2276442115	0.92875
560	0.2274926752	0.92875
561	0.2274729198	0.92875
562	0.2272402475	0.92875
563	0.2271693916	0.92875
564	0.2267157014	0.92875
565	0.2265559998	0.92875
566	0.2264085228	0.92875
567	0.2259981919	0.92875
568	0.2258142324	0.92875
569	0.225606353	0.92875
570	0.2254639659	0.92875
571	0.2252478016	0.92875
572	0.2250481068	0.92875
573	0.2247346665	0.92875
574	0.2246076942	0.92875
575	0.2243332258	0.92875
576	0.2238612726	0.92875
577	0.2236212434	0.92875
578	0.2231053424	0.928755579	0.2229598509	0.9580	0580	0.2227448849	581	0.24581	0.22221428582	0.24181582	0.22216583	0.24166835583	0.22584	0.241473467	0584	585	0.2411696725	0.935586	0.2410822487	0.93
587	0.241036069	0.93
588	0.2409363048	0.93
589	0.2408954473	0.93
590	0.2408229069	0.93
591	0.2407880551	0.93
592	0.2406873936	0.93
593	0.2405941128	0.93
594	0.2404931652	0.93
595	0.2404736337	0.93
596	0.2403740469	0.93
597	0.2402697117	0.93
598	0.2401833319	0.93
599	0.2400865266	0.93
600	0.2400544948	0.93
601	0.2398146701	0.93
602	0.2397323849	0.93
603	0.2390970355	0.9325
604	0.238935416	0.9325
605	0.2388298006	0.9325
606	0.2387485584	0.9325
607	0.2385728581	0.9325
608	0.2382592515	0.9325
609	0.2379135951	0.9325
610	0.2376163764	0.9325
611	0.237369782	0.9325
612	0.237321739	0.9325
613	0.2372436665	0.9325
614	0.2371361424	0.9325
615	0.2370592947	0.9325
616	0.2368042242	0.9325
617	0.236673821	0.9325
618	0.2364189219	0.9325
619	0.236131489	0.9325
620	0.2360502374	0.9325
621	0.2356898167	0.9325
622	0.2356390828	0.9325
623	0.2356226391	0.9325
624	0.2352214353	0.93125
625	0.2348969543	0.93125
626	0.2347313645	0.93125
627	0.2345344099	0.9325
628	0.2342427939	0.9325
629	0.2341375212	0.9325
630	0.2337890737	0.9325
631	0.2336730574	0.9325
632	0.2332003312	0.9325
633	0.232996748	0.9325
634	0.2329183123	0.9325
635	0.2329029524	0.9325
636	0.2322727007	0.93375
637	0.2321146242	0.935
638	0.2320291728	0.935
639	0.2316744711	0.935
640	0.2311101811	0.9325
641	0.2309752071	0.9325
642	0.2309665155	0.9325
643	0.2308422522	0.93375
644	0.2307344082	0.935
645	0.2301495566	0.935
646	0.2297376031	0.935
647	0.2296501129	0.935
648	0.2293672318	0.93375
649	0.2292067819	0.93375
650	0.2291316481	0.93375
651	0.2291085179	0.93375
652	0.2288885474	0.93375
653	0.228819835	0.935
654	0.228783973	0.935
655	0.2284862714	0.93625
656	0.2282424005	0.935
657	0.2280298363	0.935
658	0.2277320532	0.935
659	0.227550639	0.935
660	0.2272828608	0.935
661	0.2272264104	0.935
662	0.2271768017	0.935
663	0.2269675758	0.93375
664	0.2265886008	0.935
665	0.2265445722	0.935
666	0.2263785396	0.935
667	0.2260940372	0.9375
668	0.2258918974	0.93625
669	0.2254691065	0.93625
670	0.225359214	0.93625
671	0.225191182	0.93625
672	0.2248421507	0.93625
673	0.2246723479	0.93625
674	0.2239510763	0.935
675	0.2239320127	0.935
676	0.2236018057	0.935
677	0.2235345589	0.935
678	0.2231463722	0.935
679	0.2227145829	0.93625
680	0.2224751621	0.93625
681	0.2221976265	0.93625
682	0.2221394138	0.93625
683	0.2220310895	0.93625
684	0.2218923421	0.93625
685	0.221615966	0.93625
686	0.2215459938	0.9375
687	0.2213607845	0.9375
688	0.2212145376	0.9375
689	0.2210138222	0.9375
690	0.2205089917	0.9375
691	0.2203891103	0.9375
692	0.2200563346	0.9375
693	0.2196588593	0.93875
694	0.2191353153	0.94125
695	0.2186377926	0.94125
696	0.218175389	0.94125
697	0.2181467033	0.94125
698	0.2180720737	0.94125
699	0.2177936698	0.94125
700	0.2177569286	0.94125
701	0.217501495	0.94125
702	0.2172648747	0.94125
703	0.2172208587	0.94125
704	0.2170528119	0.94125
705	0.2168458777	0.94125
706	0.2167178875	0.94125
707	0.2164907505	0.94125
708	0.2162335314	0.94125
709	0.2161421839	0.94125
710	0.2161256057	0.94125
711	0.2158529026	0.94125
712	0.215390112	0.94125
713	0.2153059503	0.94125
714	0.215080797	0.94125
715	0.2150280753	0.94125
716	0.2149623075	0.94125
717	0.2149344971	0.94125
718	0.2148484598	0.94125
719	0.2147682848	0.94125
720	0.2146160314	0.94125
721	0.2144905825	0.94125
722	0.2144514878	0.94125
723	0.2142272139	0.94125
724	0.2141438881	0.94125
725	0.2140920768	0.941272726	0.2137203856	0.9726	0727	0.2133790274	727	0.19728	0.21321662728	0.1926729	0.213187729	0.1925466730	0.213730	0.1920518695731	0.731	0.1919560482	0732	732	0.1915411613	0.9733	0733	0.1911630908	0.734	0734	0.1911416641	0.735	0735	0.1910018313	0.736	0736	0.1906692977	0.737737	0.1904213762	0.94738738	0.1903835627	0.94739739	0.1902867192	0.9740	740	0.1901568896	0.9741	0741	0.1901042147	0.742	0.742	0.190041271	0.743	0.743	0.1898098764	0.744	0.744	0.1896991449	0.745	0.745	0.1895905412	0.746	0.746	0.1894902068	0747	0.2747	0.1888565951	0748	0.2748	0.1887356212	0749	0.2749	0.1886893623	0750	0.2750	0.1884605648	751	0.21751	0.1884151137752	0.209752	0.1883783367753	0.209753	0.1879419764754	0.209754	0.187798440755	0.20755	0.1877236851756	0.2756	0.1876319688	757	0.757	0.1875670797	0758	0758	0.1875522178	0.759	759	0.1872438264	0.9760	0760	0.186796513	0.9761	761	0.1866159531	0.9762	0762	0.1865002204	0.763	0.763	0.1860384677	0764	0.2764	0.1858286651	765	0.20765	0.1857455791766	0.206766	0.1856577149767	0.206767	0.1855496096768	0.20768	0.1854870435	769	0.2769	0.1852268226	770	0.2770	0.1849468338	771	0.2771	0.1849281324	772	0.2772	0.1848422178	0773	0.773	0.1846519947	0.774	0774	0.1846325246	0.9775	775	0.184595528	0.9776	776	0.1845581491	0.777	0777	0.1844831826778	0.20778	0.184333657779	0.204779	0.1842467936780	0.20780	0.1841842559781	0.20781	0.1840981447	782	0.2782	0.1839843489	0783	0.783	0.1837264507	0.784	0784	0.1836812323	0.9785	785	0.1836663915	0.94786786	0.1834033369	0.94778787	0.1833787975	0.94788788	0.183134223	0.9789	789	0.1829410367	0.94790790	0.1828952204	0.9791	791	0.1826190008	0.94792792	0.1825357257	0.94779793	0.1824550477	0.94757794	0.1822394686	0.94757795	0.1816701114	0.9475
796	0.1815548742	0.9475
797	0.1815304134	0.9475
798	0.1814805748	0.9475
799	0.1814049688	0.9475
800	0.1812532748	0.9475
801	0.1811782743	0.9475
802	0.1811170794	0.9475
803	0.1810971943	0.9475
804	0.1809540645	0.9475
805	0.1809004861	0.9475
806	0.1808693601	0.9475
807	0.1807490995	0.9475
808	0.1807118695	0.9475
809	0.1806396389	0.9475
810	0.1803529763	0.9475
811	0.1799621269	0.9475
812	0.1798841841	0.94875
813	0.1798783023	0.948758814	0.1798540766	0.948781815	0.1795875066	0.94816	816	0.1794644284	0.9817	0817	0.1793739515	0.818818	0.1792551405	0.9819	0819	0.1790224933	0.820	0.820	0.1789775416	0821	0.1821	0.1788232696	822	0.19822	0.1787832329	823	0.19823	0.1785011845	824	0.19824	0.1783850656	825	0.19825	0.178333588	0826	0.1826	0.177830410827	0.1969827	0.177796828	0.196880828	0.177493829	0.1967577829	0.177308830	0.1967123830	0.177069831	0.196508831	0.1770603832	0.196373832	0.1769833	0.196223171833	0.1834	0.1958491133	0834	835	0.1954108872	0.958836	0.1953947561	0.95
837	0.1953662823	0.95
838	0.1951628759	0.95
839	0.1950373844	0.95
840	0.1948356746	0.95
841	0.1947642634	0.95
842	0.1944912782	0.95
843	0.1944704234	0.95
844	0.1942734481	0.95
845	0.194075491	0.95
846	0.1940140818	0.95
847	0.1937992456	0.95
848	0.1936746631	0.95
849	0.1936589053	0.95
850	0.1933724732	0.95
851	0.1932330392	0.95
852	0.1931953283	0.95
853	0.1929878109	0.95
854	0.1927236807	0.95
855	0.1925818396	0.95
856	0.1925440405	0.95
857	0.1923585887	0.95
858	0.1923217318	0.95
859	0.192311079	0.95
860	0.1922628985	0.95
861	0.1921530599	0.95
862	0.1919227618	0.95
863	0.1918547866	0.95
864	0.1915893294	0.95
865	0.1915824615	0.95
866	0.1914321643	0.95
867	0.1914057582	0.95
868	0.1912696181	0.95
869	0.1911981233	0.95
870	0.1911264626	0.95
871	0.1908339973	0.95
872	0.1906253032	0.95
873	0.1903130313	0.95
874	0.1902912689	0.95
875	0.190245083	0.95
876	0.1902008517	0.95
877	0.1900318612	0.95
878	0.1898102998	0.95
879	0.1896508003	0.95
880	0.1895075308	0.95125
881	0.1892749489	0.95
882	0.1892407037	0.95
883	0.1890776916	0.95
884	0.1889708209	0.95
885	0.188778767	0.95
886	0.1887669192	0.95
887	0.1886910215	0.95
888	0.1885763864	0.95
889	0.1885590011	0.95
890	0.1885194437	0.95
891	0.1882536383	0.95
892	0.1882014514	0.95
893	0.1881394308	0.95
894	0.1878981314	0.95125
895	0.1878486101	0.95125
896	0.1877064875	0.95125
897	0.1874382054	0.95125
898	0.1873645033	0.95125
899	0.1873230744	0.95125
900	0.1871537153	0.95125
901	0.1870526435	0.95125
902	0.1866356416	0.95125
903	0.1865499295	0.95125
904	0.1863331727	0.95125
905	0.1862524833	0.95125
906	0.1861383794	0.95125
907	0.1857091198	0.95125
908	0.1855938985	0.95125
909	0.1855453229	0.95125
910	0.1853206785	0.95125
911	0.1852774751	0.95125
912	0.1851297362	0.95
913	0.1850387743	0.95
914	0.1848058663	0.95
915	0.1846417037	0.95
916	0.184472959	0.95
917	0.1843700806	0.95
918	0.1843172826	0.95125
919	0.1840361194	0.9525
920	0.1835450991	0.9525
921	0.183400597	0.9525
922	0.1833394489	0.9525
923	0.1832530428	0.9525
924	0.1831679229	0.9525
925	0.1830748597	0.9525
926	0.1829969412	0.9525
927	0.1829666515	0.9525
928	0.1827275633	0.9525
929	0.1827072679	0.9525
930	0.1826217192	0.9525
931	0.1825289865	0.9525
932	0.1823008177	0.9525
933	0.1822070986	0.9525
934	0.1817720509	0.9525
935	0.1816076722	0.9525
936	0.1813463474	0.9525
937	0.1812646252	0.9525
938	0.1811843637	0.9525
939	0.1811223004	0.9525
940	0.1810925291	0.9525
941	0.1810423293	0.9525
942	0.1809940837	0.9525
943	0.1807342814	0.9525
944	0.1807232929	0.9525
945	0.1807060411	0.9525
946	0.1806997836	0.9525
947	0.1805862449	0.9525
948	0.1804793373	0.9525
949	0.1803903905	0.9525
950	0.1801884314	0.9525
951	0.179992875	0.95375
952	0.1797169457	0.9525
953	0.1796091743	0.9525
954	0.1793177258	0.9525
955	0.1793112066	0.9525
956	0.1792784145	0.9525
957	0.1790765817	0.9525
958	0.1790748371	0.9525
959	0.1789385443	0.9525
960	0.1788561518	0.95375
961	0.1785480163	0.95375
962	0.1784654435	0.9525
963	0.1782543788	0.9525
964	0.1781482742	0.95375
965	0.1781355706	0.95375
966	0.1780930102	0.95375
967	0.1775779406	0.95375
968	0.1775713723	0.95375
969	0.1775076794	0.95375
970	0.177420072	0.95375
971	0.1770785228	0.95375
972	0.1768439568	0.95375
973	0.1767445111	0.95375
974	0.1766616183	0.95375
975	0.1765394006	0.95375
976	0.1764818305	0.95375
977	0.1764566735	0.95375
978	0.1763987971	0.95375
979	0.1763417906	0.95375
980	0.1761951153	0.95375
981	0.1761469491	0.95375
982	0.1759600547	0.95375
983	0.1758304192	0.95375
984	0.1757648998	0.95375
985	0.175726069	0.95375
986	0.1755806566	0.95375
987	0.1753124278	0.95375
988	0.1751274267	0.95375
989	0.1749531304	0.95375
990	0.1745210313	0.95375
991	0.1745099411	0.95375
992	0.1744336913	0.95375
993	0.1742241033	0.95375
994	0.1740043374	0.95375
995	0.1738012216	0.95375
996	0.1737696023	0.95375
997	0.1735600515	0.95375
998	0.173551897	0.95375
999	0.1733708711	0.95375
94	0.1705656199994	0.144995	0.170540899995	0.1447996	0.17044499996	0.14462997	0.1702999997	0.144589998	0.17029998	0.14449349999	0.170999	0.14447565999	0.158669454	0.9575
9625
998	0.1427901375	0.9625
999	0.1425761909	0.9625
4864	0.955
999	0.1642956082	0.955
.166750304	0.95375
999	0.166547977	0.95375
	0.1804705	0.9438202247
813	0.1801984043	0.9438202247
814	0.1796992012	0.9438202247
815	0.1791575147	0.9425717853
816	0.1789488801	0.9438202247
817	0.1785010172	0.9450686642
818	0.1782713587	0.9463171036
819	0.1781173861	0.9475655431
820	0.1780655534	0.9475655431
821	0.1779339579	0.9475655431
822	0.1778470555	0.9475655431
823	0.1778128207	0.9475655431
824	0.1776084778	0.9475655431
825	0.1774132367	0.9475655431
826	0.177228792	0.9475655431
827	0.177153726	0.9475655431
828	0.1771249617	0.9475655431
829	0.1769765403	0.9475655431
830	0.1769309455	0.9475655431
831	0.1767133173	0.9475655431
832	0.1766804549	0.9475655431
833	0.176389485	0.9475655431
834	0.1762035686	0.9475655431
835	0.1760783893	0.9488139825
836	0.175866973	0.9475655431
837	0.1756718188	0.9475655431
838	0.1752553322	0.9475655431
839	0.1750420835	0.9475655431
840	0.174727967	0.9475655431
841	0.1745121989	0.9475655431
842	0.1744154295	0.9475655431
843	0.1741171714	0.9488139825
844	0.1740173467	0.9488139825
845	0.1739501117	0.950062422
846	0.1739084108	0.950062422
847	0.1738709192	0.950062422
848	0.1738130429	0.950062422
849	0.1738009619	0.950062422
850	0.1736638485	0.950062422
851	0.173639987	0.9488139825
852	0.1733750601	0.9488139825
853	0.1732270936	0.9488139825
854	0.1729701678	0.9488139825
855	0.172785959	0.9475655431
856	0.1725596937	0.9475655431
857	0.1725388395	0.9475655431
858	0.1722317351	0.9475655431
859	0.1720419045	0.9475655431
860	0.1718333875	0.9488139825
861	0.171719958	0.9488139825
862	0.171463156	0.9488139825
863	0.1710623091	0.9488139825
864	0.170629633	0.9488139825
865	0.1705877906	0.9488139825
866	0.1705727844	0.9488139825
867	0.1704281871	0.950062422
868	0.170376869	0.950062422
869	0.170184577	0.950062422
870	0.170019532	0.950062422
871	0.1699187896	0.950062422
872	0.1697254556	0.950062422
873	0.1696903458	0.950062422
874	0.1695576829	0.9488139825
875	0.1693817274	0.950062422
876	0.169152654	0.9488139825
877	0.1689685755	0.950062422
878	0.1688921219	0.9488139825
879	0.1688375106	0.950062422
880	0.1687864085	0.9513108614
881	0.1686330568	0.9513108614
882	0.1684140789	0.9513108614
883	0.1682860201	0.9513108614
884	0.1680033966	0.9513108614
885	0.1679505483	0.9513108614
886	0.1676140986	0.9513108614
887	0.1675127751	0.9513108614
888	0.1673628209	0.9513108614
889	0.1673004714	0.9513108614
890	0.1672501325	0.9513108614
891	0.1671472154	0.9513108614
892	0.1669062959	0.9525593009
893	0.16663824	0.9525593009
894	0.1664763032	0.9525593009
895	0.1661943953	0.9525593009
896	0.1661004233	0.9525593009
897	0.1658908628	0.9525593009
898	0.165796312	0.9525593009
899	0.1654492027	0.9525593009
900	0.1651582372	0.9525593009
901	0.1649428712	0.9525593009
902	0.1646889615	0.9525593009
903	0.1646369992	0.9525593009
904	0.1645078841	0.9525593009
905	0.1642428296	0.9538077403
906	0.1642292418	0.9538077403
907	0.1641921459	0.9538077403
908	0.164111002	0.9538077403
909	0.1639808883	0.9538077403
910	0.1637283233	0.9538077403
911	0.1636121096	0.9538077403
912	0.1633947986	0.9538077403
913	0.163352385	0.9525593009
914	0.1630764016	0.9538077403
915	0.1629526717	0.9538077403
916	0.1628490001	0.9538077403
917	0.1628005664	0.9538077403
918	0.1624212121	0.9538077403
919	0.1624170217	0.9538077403
920	0.1622491367	0.9538077403
921	0.1619529414	0.9538077403
922	0.1619182371	0.9550561798
923	0.1617921516	0.9550561798
924	0.1617813163	0.9550561798
925	0.1615458773	0.9550561798
926	0.1611883628	0.9550561798
927	0.1611292868	0.9550561798
928	0.1610209891	0.9550561798
929	0.1608126045	0.9550561798
930	0.1607930029	0.9550561798
931	0.1607160339	0.9550561798
932	0.1606885888	0.9550561798
933	0.1606402126	0.9550561798
934	0.1604530654	0.9563046192
935	0.1603377421	0.9550561798
936	0.1602169599	0.9550561798
937	0.1601352741	0.9563046192
938	0.1599964909	0.9563046192
939	0.1598335801	0.9563046192
940	0.1596990738	0.9563046192
941	0.1595231828	0.9563046192
942	0.1593477987	0.9563046192
943	0.159020853	0.9575530587
944	0.1585705332	0.9588014981
945	0.1585206021	0.9588014981
946	0.1583573828	0.9588014981
947	0.1583289049	0.9588014981
948	0.1580385539	0.9588014981
949	0.1579258089	0.9600499376
950	0.1579185533	0.9600499376
951	0.1578004008	0.9600499376
952	0.157753666	0.9600499376
953	0.1575706932	0.961298377
954	0.1574694209	0.961298377
955	0.1574347612	0.961298377
956	0.1572998697	0.961298377
957	0.1572539821	0.9600499376
958	0.1571681897	0.9600499376
959	0.1569833893	0.9600499376
960	0.1567321853	0.9600499376
961	0.1566512868	0.961298377
962	0.1566198113	0.961298377
963	0.1565961797	0.961298377
964	0.1563370897	0.9625468165
965	0.1562398635	0.9625468165
966	0.1560833671	0.9625468165
967	0.1559820961	0.9625468165
968	0.1559282644	0.9625468165
969	0.1558839022	0.961298377
970	0.1558234672	0.961298377
971	0.1557669334	0.961298377
972	0.155607459	0.961298377
973	0.1554607162	0.961298377
974	0.1553246226	0.961298377
975	0.1551412014	0.961298377
976	0.1549019958	0.961298377
977	0.1548138462	0.9625468165
978	0.1546799089	0.9637952559
979	0.1546413695	0.9637952559
980	0.1546051017	0.9637952559
981	0.1543017979	0.9625468165
982	0.1542355229	0.9637952559
983	0.1539696119	0.9625468165
984	0.1539262326	0.9625468165
985	0.1538787776	0.9625468165
986	0.1538616041	0.9625468165
987	0.1537017193	0.9625468165
988	0.1536559614	0.9625468165
989	0.1534673287	0.961298377
990	0.1534376819	0.961298377
991	0.1533192135	0.961298377
992	0.1532560781	0.961298377
993	0.1532261762	0.961298377
994	0.1530672486	0.961298377
995	0.1530228195	0.961298377
996	0.1528757902	0.961298377
997	0.1526427486	0.9625468165
998	0.1525060762	0.961298377
999	0.1524538852	0.9625468165
